0,Afrivet Veterinary Services,,,en
1,AJG Parcels Ltd,,,en
2,AKI Technical Moulding,,,en
3,AL BUDOOR TRADING Est. Abu Dhabi,,,en
4,Applied Energy,,,en
5,Apurimac Media,,,en
6,ASME,,,en
7,Atwell International Ltd,,,en
8,BMT Hi-Q Sigma,,,en
9,BNP Paribas Real Estate,,,en
10,Bristol Motor Club,,,en
11,Brookstreet des Roches LLP,,,en
12,"Bude Motor Club feels the need, the need for speed",,,en
13,Burge Accountancy,,,en
14,Business West,,,en
15,Cardwave Services Ltd,,,en
16,Concorde Flight Crew,,,en
17,Cookequip Ltd,,,en
18,Copernicus Technology Ltd,,,en
19,CQC Solutions,,,en
20,Decision Support Tools Ltd,,,en
21,Delta2020,,,en
22,Diacom Networks Ltd,,,en
23,e-conomic online accounting software,,,en
24,Edit Microsystems (Pty) Ltd,,,en
25,Electroservices (Midlands) Limited,,,en
26,Elise Trophy,,,en
27,Engineering Explained,,,en
28,Expositionists International,,,en
29,FBC Manby Bowdler Solicitors,,,en
30,First Technology Group,,,en
31,FoxCom,,,en
32,Garden Tractor Spares,,,en
33,GH Cityprint,,,en
34,Greenwood Retail Ltd,,,en
35,GT40 Enthusiasts Club,,,en
36,Gtechniq Ltd,,,en
37,IMechE Automobile Division Essex Centre,,,en
38,Institution of Mechanical Engineers,,,en
39,International Food Systems Ltd,,,en
40,IT For Starters,,,en
41,Ixion,,,en
42,jbj Techniques Limited,,,en
43,Jigsaw Robotics,,,en
44,KH Precision Engineering Ltd,,,en
45,MARTLETT CONSULTING LIMITED,,,en
46,McLelland Ltd,,,en
47,Metaswitch Networks,,,en
48,MG Car Club - Abingdon,,,en
49,"MG Owners Club, West Sussex Area",,,en
50,Midlands Automobile Club,,,en
51,Moog Controls Ltd,,,en
52,Murray McIntosh,,,en
53,Phase Vision Ltd,,,en
54,Pimlico Plumbers Ltd,,,en
55,Plantation Key Technology,,,en
56,Plastics Consultancy Network,,,en
57,Platinum Squared,,,en
58,PowerShield,,,en
59,Poynting Antennas (Pty) Ltd,,,en
60,projectfive,,,en
61,PT Laris Chandra,,,en
62,QHS Scotland Ltd,,,en
63,Qimtek,,,en
64,Rachel Galley Jewellery,,,en
65,ralfy.com,,,en
66,Robert Saunders Autographs,,,en
67,Rubbertech 2000 Ltd,,,en
68,SafeAvia International Aviation Consultants Ltd,,,en
69,sales-i,,,en
70,Scott Grundy Brickwork Contractors,,,en
71,Simon Wright of J A Kemp,,,en
72,Switch2IT,,,en
73,T. Northeast Ltd,,,en
74,Taylor Hobson Ltd,,,en
75,Thameside Aero Spares Ltd,,,en
76,The Clifton Club,,,en
77,The IMechE AD East,,,en
78,The IMechE Tayside and North Fife Area,,,en
79,The Investment Coach Limited (Chartered Financial Planners),,,en
80,The Old Smokehouse,,,en
81,The Vintage Sports Car Club,,,en
82,Thoughtcrew Limited,,,en
83,Transforme Associates Limited,,,en
84,Venture Inspection,,,en
85,Walmsley Engineering Limited,,,en
86,Wessex Round Table of Inventors,,,en
87,Wilden Services Limited,,,en
88,XLAB AERODYNAMIC HYDRATION,,,en
89,Zero to a Fortune,,,en
