1,104 (City of Cambridge) Squadron ATC,,,sc
2,1163 Squadron ATC,,,sc
3,1st Battle Scout Troop,,,sc
4,1st Bradley Stoke Scout Group,,,sc
5,1st East Harptree Guides,,,sc
6,1st Forres Scout Group,,,sc
7,1st Laverstock Scout Group,,,sc
8,1st Minchinhampton Cub Pack,,,sc
9,1st Pucklechurch Scout Troop ,,,sc
10,2152 (North Bristol) Squadron ATC,,,sc
11,240 (Darlaston) Squadron Air Cadets,,,sc
12,26th Colchester Sea Scouts & Endeavour ESU,,,sc
13,296th LodgeMoor Cub Scouts,,,sc
14,2nd Reading Boys' Brigade,,,sc
15,3rd Lymm Scout Group,,,sc
16,79 (Whitchurch) Squadron Air Training Corps,,,sc
17,7th Lichfield Somers Cubs,,,sc
18,8th Bramshill Air Scouts,,,sc
19,Abberley Hall School,,,sc
20,Abington Academy,,,sc
21,Alcester Academy,,,sc
22,Apricot Tree Trust,,,sc
23,Archbishop Temple School,,,sc
24,Ark Elvin Academy,,,sc
25,Aston University Engineering Academy,,,sc
26,Barking & Dagenham College,,,sc
27,Barnard Castle School,,,sc
28,Barnes Wallis Academy,,,sc
29,Bedford College,,,sc
30,Berkhampstead School Cheltenham,,,sc
31,Bickerstaffe CE School,,,sc
32,Black Combe Junior School,,,sc
33,Bournville College,,,sc
34,Bradford College,,,sc
35,Braeburn Garden Estate School,,,sc
36,Bredhurst School ,,,sc
37,Broad Chalke C of E Primary School,,,sc
38,Brooke V.C Church Of England Primary School,,,sc
39,Burton College,,,sc
40,"Caledonian Team Oryx, Oman",,,sc
41,Calthorpe Park School STEM Club,,,sc
42,Camelsdale Primary School,,,sc
43,Castlecroft Primary School,,,sc
44,Chafyn Grove School,,,sc
45,Chase Terrace Technology College,,,sc
46,Chorley Buccaneers American Football Club,,,sc
47,Coledale Public Primary School,,,sc
48,Copse and Loppers Forest School,,,sc
49,Danesfield Manor School,,,sc
50,Davison CE High School for Girls,,,sc
51,Derby College,,,sc
52,"Endon High School, Staffordshire Moorlands",,,sc
53,Exeter College,,,sc
54,Finborough School,,,sc
55,"Science Department, Finborough School",,,sc
56,Flitwick Cubs – Falcons,,,sc
57,Flitwick Cubs – Foxes,,,sc
58,Flitwick Cubs – Tigers,,,sc
59,Framwellgate School Durham,,,sc
60,Futures Community College Mathematics Dept ,,,sc
61,Gainford C of E School,,,sc
62,GEMS Didcot Primary Academy,,,sc
63,Glenfall Community Primary School,,,sc
64,Grainville Secondary School,,,sc
65,Gresham's Prep School,,,sc
66,Hadlow College,,,sc
67,"Hamilton College, Scotland",,,sc
68,Hanham High School,,,sc
69,Harrow College,,,sc
70,Harwood Meadows Primary School,,,sc
71,Hexham Middle School,,,sc
72,High Hurstwood C.E. School,,,sc
73,Hillesley Church of England Primary School,,,sc
74,Hillside Day Nursery,,,sc
75,Horbury Academy STEM Club,,,sc
76,Huntcliff School,,,sc
77,Ightenhill Primary School,,,sc
78,Jeppe High School (SA),,,sc
79,John Clare Primary School,,,sc
80,Kearsney College,,,sc
81,Lady Barn House School,,,sc
82,Ladybridge High School,,,sc
83,Langley Fitzurse C of E Primary School,,,sc
84,Leek High School,,,sc
85,Lewes Old Grammar School,,,sc
86,Leyton Sixth Form College,,,sc
87,Lincoln College ,,,sc
88,Linthorpe Community Primary School,,,sc
89,Lomond School Mathematics Department,,,sc
90,Looe Community Academy,,,sc
91,"Lydgate Junior School, Sheffield",,,sc
92,Maesglas Primary School,,,sc
93,Manby Lodge Infant School,,,sc
94,Manchester College,,,sc
95,Maverick Explorer Unit,,,sc
96,Meadow Vale Primary School Bracknell,,,sc
97,Meadowbrook Primary School ,,,sc
98,MidKent College,,,sc
99,Newbold Sea Scouts,,,sc
100,Newquay Tretherras Academy,,,sc
101,North Leamington School,,,sc
102,Northwest Christian School,,,sc
103,Norwich 050 Friendship Centre,,,sc
104,Oathall Community College,,,sc
105,Parkside Federation Acadamies,,,sc
106,Penair School,,,sc
107,PHASE -Hitchin Churches Schools Worker Trust,,,sc
108,"Portal House School, Kent",,,sc
109,Probus Club of Sevenoaks,,,sc
110,"Queen Elizabeth's Grammar School, Ashbourne",,,sc
111,Raccoon Lovers @ S.E.T.I @ HOME,,,sc
112,"Rangiora Borough School, New Zealand",,,sc
113,RGS Newcastle,,,sc
114,Riverview  C of E  Primary  School  &  Nursery,,,sc
115,Rochester and District Probus Club,,,sc
116,Rocks Park Primary School,,,sc
117,Rusthall Community & Youth Project,,,sc
118,Ryton Park School,,,sc
119,Sale Private Day Nursery Ltd,,,sc
120,Sandwell College,,,sc
121,Selby College,,,sc
122,Sevenoaks U3A,,,sc
123,"Sheldon School, Chippenham",,,sc
124,Shipston High School,,,sc
125,Shobdon Primary School,,,sc
126,Shrewsbury College of Arts & Technology,,,sc
127,Skegness Grammar School,,,sc
128,South Staffordshire College,,,sc
129,Southgate College,,,sc
130,St Andrew's C of E VC Lower School,,,sc
131,St Anne's C of E Primary School Godmanchester,,,sc
132,St Edmundsbury Primary School,,,sc
133,St James Middle School,,,sc
134,St Olave's Prep School ,,,sc
135,"St Peter's CE (VA) Junior School, Derby",,,sc
136,St Richard's Catholic College,,,sc
137,St Saviour's Junior School,,,sc
138,"St. Augustine's R.C. Primary School, Middlesbrough",,,sc
139,Stewarton Academy,,,sc
140,Stockport College,,,sc
141,Stonyhurst College Engineering Society,,,sc
142,Sunrise Senior Living of Guildford,,,sc
143,Tameside College,,,sc
144,Technology @ Churchill Academy,,,sc
145,The Hawthorns Primary School,,,sc
146,The Hawthorns School,,,sc
147,The James Hornsby Maths Faculty,,,sc
148,"The Old Vicarage School, Darley Abbey",,,sc
149,The Peele Community College,,,sc
150,The Pilgrims' School,,,sc
151,The Warwick School,,,sc
152,"Thomas Jefferson Academy (Louisville, GA USA)",,,sc
153,Thornbury U3A,,,sc
154,"TTS Scout Troop, Singapore",,,sc
155,University Technical College Norfolk,,,sc
156,Varndean College ,,,sc
157,"Voyage Learning Campus, Nailsea",,,sc
158,Wagner Middle School,,,sc
159,Walsworth Road Baptist Church - Hitchin,,,sc
160,Warrington Collegiate,,,sc
161,Waterkloof House Prep School SA,,,sc
162,Wellington Primary School Hereford,,,sc
163,West Cheshire College,,,sc
164,Wheatfield Primary School,,,sc
165,Wherry Probus Club,,,sc
166,Willand Primary School,,,sc
167,Woodhill Preparatory School,,,sc
168,WSJ23 Buckinghamshire/Anglia Unit 8,,,sc
